gu,dong,lat,lng
1,개포1동,37.481925,127.057439
1,개포2동,37.489766,127.069056
1,개포4동,37.478833,127.051599
1,개포동,37.47826,127.052024
1,논현1동,37.511498,127.028552
1,논현2동,37.517353,127.037164
1,논현동,37.513093,127.031353
1,대치1동,37.493236,127.056687
1,대치2동,37.502252,127.064162
1,대치4동,37.49975,127.057747
1,대치동,37.501711,127.057851
1,도곡1동,37.490945,127.038475
1,도곡2동,37.483818,127.046346
1,도곡동,37.486509,127.040738
1,삼성1동,37.514315,127.062824
1,삼성2동,37.511399,127.046255
1,삼성동,37.512792,127.053085
1,세곡동,37.464369,127.104583
1,세곡동,37.466494,127.103021
1,수서동,37.485881,127.096706
1,수서동,37.485767,127.098137
1,신사동,37.523807,127.026492
1,신사동,37.522893,127.028589
1,압구정동,37.530734,127.028461
1,압구정동,37.528752,127.031766
1,역삼1동,37.495361,127.033058
1,역삼2동,37.49604,127.04679
1,역삼동,37.500335,127.037596
1,율현동,37.47145,127.107251
1,일원1동,37.491887,127.087982
1,일원2동,37.492172,127.073696
1,일원동,37.491326,127.083799
1,일원본동,37.48336,127.08648
1,자곡동,37.476796,127.100387
1,청담동,37.524399,127.050457
1,청담동,37.523404,127.046858
2,강일동,37.567438,127.173364
2,강일동,37.569204,127.17162
2,고덕동,37.561068,127.160582
2,고덕제1동,37.53012,127.123858
2,고덕제2동,37.53012,127.123858
2,길동,37.539616,127.145914
2,길동,37.539123,127.143163
2,둔촌동,37.531157,127.142891
2,둔촌제1동,37.53012,127.123858
2,둔촌제2동,37.53012,127.123858
2,명일동,37.549276,127.147555
2,명일제1동,37.53012,127.123858
2,명일제2동,37.53012,127.123858
2,상일동,37.550583,127.168797
2,상일동,37.54822,127.17063
2,성내동,37.531338,127.129174
2,성내제1동,37.53012,127.123858
2,성내제2동,37.53012,127.123858
2,성내제3동,37.53012,127.123858
2,암사동,37.552497,127.13301
2,암사제1동,37.53012,127.123858
2,암사제2동,37.53012,127.123858
2,암사제3동,37.53012,127.123858
2,천호동,37.543676,127.131748
2,천호제1동,37.53012,127.123858
2,천호제2동,37.53012,127.123858
2,천호제3동,37.53012,127.123858
3,미아동,37.621106,127.023865
3,미아동,37.621298,127.024902
3,번1동,37.637825,127.028802
3,번2동,37.632572,127.038693
3,번3동,37.625852,127.046619
3,번동,37.635123,127.032072
3,삼각산동,37.616702,127.017511
3,삼양동,37.627368,127.0183
3,송중동,37.616062,127.033819
3,송천동,37.618268,127.023845
3,수유1동,37.630309,127.017684
3,수유2동,37.644753,127.019941
3,수유3동,37.638832,127.023089
3,수유동,37.639388,127.017183
3,우이동,37.663286,127.000508
3,우이동,37.658785,127.01119
3,인수동,37.641485,127.010591
4,가양동,37.568238,126.845059
4,가양제1동,37.550968,126.849614
4,가양제2동,37.550968,126.849614
4,가양제3동,37.550968,126.849614
4,개화동,37.582069,126.801198
4,공항동,37.554779,126.810453
4,공항동,37.558805,126.813297
4,과해동,37.560661,126.794953
4,내발산동,37.552616,126.83573
4,등촌동,37.551325,126.858411
4,등촌제1동,37.550968,126.849614
4,등촌제2동,37.550968,126.849614
4,등촌제3동,37.550968,126.849614
4,마곡동,37.566092,126.830395
4,발산제1동,37.550968,126.849614
4,방화동,37.569138,126.812192
4,방화제1동,37.550968,126.849614
4,방화제2동,37.550968,126.849614
4,방화제3동,37.550968,126.849614
4,염창동,37.554552,126.871764
4,염창동,37.551366,126.8713
4,오곡동,37.554615,126.775768
4,오쇠동,37.541148,126.796575
4,외발산동,37.546721,126.821871
4,우장산동,37.548198,126.841792
4,화곡동,37.538358,126.847336
4,화곡본동,37.544092,126.847626
4,화곡제1동,37.550968,126.849614
4,화곡제2동,37.550968,126.849614
4,화곡제3동,37.550968,126.849614
4,화곡제4동,37.550968,126.849614
4,화곡제6동,37.550968,126.849614
4,화곡제8동,37.550968,126.849614
5,낙성대동,37.476281,126.958369
5,난곡동,37.471024,126.921689
5,난향동,37.461554,126.918807
5,남현동,37.464115,126.977754
5,남현동,37.474116,126.976721
5,대학동,37.470593,126.936855
5,미성동,37.476348,126.915677
5,보라매동,37.488208,126.932761
5,봉천동,37.482717,126.949951
5,삼성동,37.470135,126.933007
5,서림동,37.475037,126.934972
5,서원동,37.479662,126.931311
5,성현동,37.489708,126.948322
5,신림동,37.463204,126.935795
5,신림동,37.476412,126.925691
5,신사동,37.485479,126.918044
5,신원동,37.481698,126.927268
5,은천동,37.485376,126.942503
5,인헌동,37.475126,126.965259
5,조원동,37.482592,126.907808
5,중앙동,37.484016,126.949645
5,청룡동,37.479143,126.941675
5,청림동,37.491928,126.958841
5,행운동,37.480738,126.95695
6,광장동,37.547835,127.104695
6,광장동,37.546992,127.103926
6,구의동,37.544655,127.089493
6,구의제1동,37.53821,127.082191
6,구의제2동,37.53821,127.082191
6,구의제3동,37.53821,127.082191
6,군자동,37.553038,127.073657
6,군자동,37.553878,127.073516
6,능동,37.550578,127.081722
6,능동,37.553729,127.082381
6,자양동,37.534692,127.074327
6,자양제1동,37.53821,127.082191
6,자양제2동,37.53821,127.082191
6,자양제3동,37.53821,127.082191
6,자양제4동,37.53821,127.082191
6,중곡동,37.561882,127.084745
6,중곡제1동,37.53821,127.082191
6,중곡제2동,37.53821,127.082191
6,중곡제3동,37.53821,127.082191
6,중곡제4동,37.53821,127.082191
6,화양동,37.54325,127.073393
6,화양동,37.544427,127.070047
7,가리봉동,37.482704,126.888019
7,가리봉동,37.482944,126.888062
7,개봉동,37.49497,126.851409
7,개봉제1동,37.49565,126.887771
7,개봉제2동,37.49565,126.887771
7,개봉제3동,37.49565,126.887771
7,고척동,37.50356,126.855829
7,고척제1동,37.49565,126.887771
7,고척제2동,37.49565,126.887771
7,구로동,37.4929,126.886427
7,구로제1동,37.49565,126.887771
7,구로제2동,37.49565,126.887771
7,구로제3동,37.49565,126.887771
7,구로제4동,37.49565,126.887771
7,구로제5동,37.49565,126.887771
7,궁동,37.49687,126.831303
7,수궁동,37.493837,126.831527
7,신도림동,37.509951,126.882174
7,신도림동,37.509454,126.880425
7,오류동,37.494129,126.840746
7,오류제1동,37.49565,126.887771
7,오류제2동,37.49565,126.887771
7,온수동,37.493507,126.820255
7,천왕동,37.482016,126.841789
7,항동,37.484059,126.82298
8,가산동,37.476681,126.883767
8,가산동,37.477598,126.888291
8,독산동,37.469371,126.901246
8,독산제1동,37.456979,126.895656
8,독산제2동,37.456979,126.895656
8,독산제3동,37.456979,126.895656
8,독산제4동,37.456979,126.895656
8,시흥동,37.453325,126.906222
8,시흥제1동,37.456979,126.895656
8,시흥제2동,37.456979,126.895656
8,시흥제3동,37.456979,126.895656
8,시흥제4동,37.456979,126.895656
8,시흥제5동,37.456979,126.895656
9,공릉1동,37.624843,127.07382
9,공릉2동,37.621268,127.083357
9,공릉동,37.623601,127.077388
9,상계10동,37.661245,127.060243
9,상계1동,37.679855,127.05502
9,상계2동,37.65886,127.068479
9,상계3.4동,37.672624,127.08302
9,상계5동,37.662994,127.06947
9,상계6.7동,37.654919,127.066919
9,상계8동,37.666726,127.051548
9,상계9동,37.66449,127.063818
9,상계동,37.6671,127.072189
9,월계1동,37.619919,127.062984
9,월계2동,37.63251,127.051031
9,월계3동,37.620949,127.069054
9,월계동,37.622192,127.05865
9,중계1동,37.652551,127.077488
9,중계2.3동,37.64204,127.068711
9,중계4동,37.658763,127.077989
9,중계동,37.646989,127.082411
9,중계본동,37.647853,127.080401
9,하계1동,37.640485,127.072685
9,하계2동,37.632123,127.068053
9,하계동,37.63689,127.073145
10,도봉동,37.678103,127.043249
10,도봉제1동,37.668639,127.047364
10,도봉제2동,37.668639,127.047364
10,방학동,37.666224,127.03665
10,방학제1동,37.668639,127.047364
10,방학제2동,37.668639,127.047364
10,방학제3동,37.668639,127.047364
10,쌍문동,37.652731,127.02871
10,쌍문제1동,37.668639,127.047364
10,쌍문제2동,37.668639,127.047364
10,쌍문제3동,37.668639,127.047364
10,쌍문제4동,37.668639,127.047364
10,창동,37.64344,127.039413
10,창제1동,37.668639,127.047364
10,창제2동,37.668639,127.047364
10,창제3동,37.668639,127.047364
10,창제4동,37.668639,127.047364
10,창제5동,37.668639,127.047364
11,답십리동,37.569883,127.056757
11,답십리제1동,37.57097,127.056703
11,답십리제2동,37.57097,127.056703
11,신설동,37.575204,127.026023
11,용두동,37.576328,127.034621
11,용신동,37.575868,127.037305
11,이문동,37.598851,127.062465
11,이문제1동,37.574428,127.039712
11,이문제2동,37.574428,127.039712
11,장안동,37.570749,127.068233
11,장안제1동,37.574428,127.039712
11,장안제2동,37.574428,127.039712
11,전농동,37.579797,127.053848
11,전농제1동,37.574428,127.039712
11,전농제2동,37.574428,127.039712
11,제기동,37.583778,127.037226
11,제기동,37.584134,127.03796
11,청량리동,37.588799,127.04528
11,청량리동,37.586643,127.044621
11,회기동,37.593733,127.051434
11,회기동,37.591447,127.051971
11,휘경동,37.589592,127.061228
11,휘경제1동,37.574428,127.039712
11,휘경제2동,37.574428,127.039712
12,노량진동,37.510162,126.940418
12,노량진제1동,37.512462,126.939485
12,노량진제2동,37.512462,126.939485
12,대방동,37.506879,126.927994
12,대방동,37.504791,126.927862
12,동작동,37.496605,126.980985
12,본동,37.511491,126.954336
12,사당동,37.483974,126.974999
12,사당제1동,37.512462,126.939485
12,사당제2동,37.512462,126.939485
12,사당제3동,37.512462,126.939485
12,사당제4동,37.512462,126.939485
12,사당제5동,37.512462,126.939485
12,상도1동,37.502889,126.950645
12,상도동,37.499206,126.940385
12,상도제1동,37.512462,126.939485
12,상도제2동,37.512462,126.939485
12,상도제3동,37.512462,126.939485
12,상도제4동,37.512462,126.939485
12,신대방동,37.492678,126.917721
12,신대방제1동,37.512462,126.939485
12,신대방제2동,37.512462,126.939485
12,흑석동,37.505492,126.962317
12,흑석동,37.505964,126.962578
13,공덕동,37.548092,126.954994
13,공덕동,37.548828,126.959006
13,구수동,37.545679,126.932695
13,노고산동,37.554402,126.938556
13,당인동,37.54625,126.920245
13,대흥동,37.549807,126.943177
13,대흥동,37.551055,126.943731
13,도화동,37.539758,126.950007
13,도화동,37.539966,126.95
13,동교동,37.55765,126.925663
13,마포동,37.537003,126.945323
13,망원동,37.55662,126.903976
13,망원제1동,37.566404,126.901763
13,망원제2동,37.566404,126.901763
13,상수동,37.547431,126.922946
13,상암동,37.570748,126.87984
13,상암동,37.577131,126.893488
13,서강동,37.54778,126.932218
13,서교동,37.553838,126.918765
13,서교동,37.55391,126.918985
13,성산동,37.563317,126.91087
13,성산제1동,37.566404,126.901763
13,성산제2동,37.566404,126.901763
13,신공덕동,37.544374,126.956854
13,신수동,37.548524,126.936813
13,신수동,37.547351,126.937074
13,신정동,37.54421,126.930866
13,아현동,37.554474,126.956308
13,아현동,37.555483,126.955998
13,연남동,37.563027,126.921519
13,연남동,37.562962,126.921783
13,염리동,37.549096,126.947307
13,염리동,37.551546,126.947279
13,용강동,37.541502,126.940443
13,용강동,37.541967,126.940414
13,중동,37.5704,126.907656
13,창전동,37.550966,126.929835
13,토정동,37.54035,126.940474
13,하중동,37.54575,126.928674
13,합정동,37.547027,126.909029
13,합정동,37.549046,126.911558
13,현석동,37.54384,126.933903
14,남가좌동,37.577538,126.922311
14,남가좌제1동,37.579213,126.936773
14,남가좌제2동,37.579213,126.936773
14,냉천동,37.567257,126.96389
14,대신동,37.566438,126.945199
14,대현동,37.558086,126.944504
14,미근동,37.563162,126.967026
14,봉원동,37.569952,126.947063
14,북가좌동,37.580344,126.912261
14,북가좌제1동,37.579213,126.936773
14,북가좌제2동,37.579213,126.936773
14,북아현동,37.562431,126.954397
14,북아현동,37.561666,126.95617
14,신촌동,37.56555,126.941382
14,신촌동,37.568134,126.946792
14,연희동,37.571987,126.932812
14,연희동,37.570389,126.929628
14,영천동,37.570759,126.96046
14,옥천동,37.569686,126.96089
14,창천동,37.558584,126.934113
14,천연동,37.567945,126.959437
14,천연동,37.568285,126.960571
14,충정로2가,37.565192,126.964529
14,충정로3가,37.562611,126.961351
14,충현동,37.56483,126.954715
14,합동,37.561567,126.966566
14,현저동,37.576486,126.95422
14,홍은동,37.59156,126.938775
14,홍은제1동,37.579213,126.936773
14,홍은제2동,37.579213,126.936773
14,홍제동,37.588734,126.946107
14,홍제제1동,37.579213,126.936773
14,홍제제2동,37.579213,126.936773
14,홍제제3동,37.579213,126.936773
15,내곡동,37.458154,127.076727
15,내곡동,37.456881,127.074171
15,반포1동,37.505136,127.013354
15,반포2동,37.504644,126.994495
15,반포3동,37.512027,127.005572
15,반포4동,37.498651,126.995469
15,반포동,37.502816,127.010493
15,반포본동,37.50049,126.986012
15,방배1동,37.483406,126.994486
15,방배2동,37.479887,126.985499
15,방배3동,37.480255,126.999028
15,방배4동,37.489624,126.991383
15,방배동,37.484677,126.989955
15,방배본동,37.494151,126.988688
15,서초1동,37.490077,127.019534
15,서초2동,37.492051,127.025083
15,서초3동,37.483594,127.012518
15,서초4동,37.502624,127.022175
15,서초동,37.488514,127.016222
15,신원동,37.447112,127.058841
15,양재1동,37.471701,127.02675
15,양재2동,37.47062,127.041076
15,양재동,37.474839,127.041717
15,염곡동,37.462035,127.052837
15,우면동,37.466629,127.021892
15,원지동,37.446848,127.053774
15,잠원동,37.515102,127.009083
15,잠원동,37.513667,127.016166
16,금호1가동,37.553509,127.023661
16,금호2.3가동,37.549549,127.019842
16,금호4가동,37.545404,127.024129
16,금호동1가,37.554697,127.023412
16,금호동2가,37.552482,127.020133
16,금호동3가,37.549504,127.021812
16,금호동4가,37.547468,127.02006
16,도선동,37.563897,127.033258
16,마장동,37.567363,127.040731
16,마장동,37.567305,127.039084
16,사근동,37.558904,127.047597
16,사근동,37.561371,127.046789
16,상왕십리동,37.569332,127.025349
16,성수1가제1동,37.543511,127.042746
16,성수1가제2동,37.543511,127.042746
16,성수2가제1동,37.540855,127.056517
16,성수2가제3동,37.540855,127.056517
16,성수동1가,37.544661,127.046772
16,성수동2가,37.541123,127.056125
16,송정동,37.553181,127.062066
16,송정동,37.552124,127.067652
16,옥수동,37.540788,127.020624
16,옥수동,37.542764,127.014662
16,왕십리도선동,37.56598,127.031444
16,왕십리제2동,37.563386,127.037047
16,용답동,37.56147,127.056348
16,용답동,37.564354,127.052795
16,응봉동,37.550935,127.033903
16,응봉동,37.551169,127.031462
16,하왕십리동,37.562462,127.029586
16,행당동,37.559076,127.035869
16,행당제1동,37.563386,127.037047
16,행당제2동,37.563386,127.037047
16,홍익동,37.566144,127.032921
17,길음동,37.607316,127.02476
17,길음제1동,37.58944,127.016817
17,길음제2동,37.58944,127.016817
17,돈암동,37.598415,127.020288
17,돈암제1동,37.58944,127.016817
17,돈암제2동,37.58944,127.016817
17,동선동,37.593984,127.020426
17,동선동1가,37.592065,127.01826
17,동선동2가,37.590091,127.020053
17,동선동3가,37.594108,127.020597
17,동선동4가,37.595087,127.018541
17,동선동5가,37.596185,127.016726
17,동소문동1가,37.589858,127.00746
17,동소문동2가,37.588696,127.008412
17,동소문동3가,37.590052,127.010816
17,동소문동4가,37.591541,127.010756
17,동소문동5가,37.591666,127.01559
17,동소문동6가,37.59377,127.014858
17,동소문동7가,37.596303,127.014721
17,보문동,37.58038,127.022857
17,보문동1가,37.586226,127.019779
17,보문동2가,37.585602,127.018306
17,보문동3가,37.584277,127.017551
17,보문동4가,37.582645,127.021437
17,보문동5가,37.582359,127.019936
17,보문동6가,37.580444,127.019694
17,보문동7가,37.580033,127.02182
17,삼선동,37.590836,127.01467
17,삼선동1가,37.585059,127.007942
17,삼선동2가,37.585259,127.010538
17,삼선동3가,37.586298,127.012802
17,삼선동4가,37.589818,127.013135
17,삼선동5가,37.58825,127.015789
17,상월곡동,37.606723,127.048393
17,석관동,37.608265,127.061465
17,석관동,37.608823,127.060712
17,성북동,37.597248,126.992899
17,성북동,37.594567,126.997514
17,성북동1가,37.589374,127.003652
17,안암동,37.585892,127.021381
17,안암동1가,37.588393,127.021456
17,안암동2가,37.586638,127.022973
17,안암동3가,37.583915,127.02328
17,안암동4가,37.580811,127.024633
17,안암동5가,37.586083,127.029493
17,월곡제1동,37.58944,127.016817
17,월곡제2동,37.58944,127.016817
17,장위동,37.614232,127.050118
17,장위제1동,37.58944,127.016817
17,장위제2동,37.58944,127.016817
17,장위제3동,37.58944,127.016817
17,정릉동,37.608442,127.008288
17,정릉제1동,37.58944,127.016817
17,정릉제2동,37.58944,127.016817
17,정릉제3동,37.58944,127.016817
17,정릉제4동,37.58944,127.016817
17,종암동,37.597176,127.033894
17,종암동,37.597405,127.035032
17,하월곡동,37.605662,127.035753
18,가락1동,37.496537,127.105726
18,가락2동,37.498639,127.126488
18,가락동,37.496486,127.126006
18,가락본동,37.495585,127.12183
18,거여1동,37.496923,127.143302
18,거여2동,37.493534,127.146891
18,거여동,37.494161,127.145196
18,마천1동,37.496025,127.149894
18,마천2동,37.49688,127.148538
18,마천동,37.497117,127.152393
18,문정1동,37.490024,127.124055
18,문정2동,37.48989,127.110917
18,문정동,37.486581,127.127495
18,방이1동,37.511009,127.123923
18,방이2동,37.514596,127.114379
18,방이동,37.512017,127.116902
18,삼전동,37.501901,127.091876
18,삼전동,37.502724,127.092352
18,석촌동,37.50273,127.102497
18,석촌동,37.502699,127.102321
18,송파1동,37.50609,127.109571
18,송파2동,37.502323,127.116741
18,송파동,37.506058,127.111216
18,신천동,37.517302,127.104967
18,오금동,37.50401,127.134003
18,오금동,37.503984,127.135124
18,오륜동,37.515538,127.134424
18,위례동,37.481576,127.140424
18,잠실2동,37.511956,127.088281
18,잠실3동,37.513354,127.094316
18,잠실4동,37.520419,127.112285
18,잠실6동,37.518133,127.100683
18,잠실7동,37.508661,127.07709
18,잠실동,37.506967,127.083673
18,잠실본동,37.506167,127.084325
18,장지동,37.477368,127.131914
18,장지동,37.478077,127.133269
18,풍납1동,37.538055,127.122215
18,풍납2동,37.528779,127.116814
18,풍납동,37.534673,127.117643
19,목1동,37.530433,126.870985
19,목2동,37.546108,126.871631
19,목3동,37.544858,126.864408
19,목4동,37.532327,126.868343
19,목5동,37.535136,126.87854
19,목동,37.539776,126.869079
19,신월1동,37.532815,126.83153
19,신월2동,37.52497,126.844572
19,신월3동,37.533674,126.82905
19,신월4동,37.524619,126.840063
19,신월5동,37.538566,126.827186
19,신월6동,37.516265,126.843631
19,신월7동,37.521756,126.834791
19,신월동,37.529444,126.834248
19,신정1동,37.51855,126.854354
19,신정2동,37.519267,126.870723
19,신정3동,37.515086,126.854859
19,신정4동,37.523422,126.85868
19,신정6동,37.517053,126.864399
19,신정7동,37.514412,126.8597
19,신정동,37.521636,126.857957
20,당산동,37.528625,126.907439
20,당산동1가,37.522336,126.898748
20,당산동2가,37.522967,126.892688
20,당산동3가,37.525551,126.896668
20,당산동4가,37.528887,126.898848
20,당산동5가,37.532856,126.899187
20,당산동6가,37.534373,126.903445
20,당산제1동,37.52641,126.896252
20,당산제2동,37.52641,126.896252
20,대림동,37.494306,126.900642
20,대림제1동,37.52641,126.896252
20,대림제2동,37.52641,126.896252
20,대림제3동,37.52641,126.896252
20,도림동,37.509105,126.900533
20,도림동,37.509277,126.902494
20,문래동,37.517141,126.899454
20,문래동1가,37.512364,126.897201
20,문래동2가,37.51329,126.893779
20,문래동3가,37.516929,126.897249
20,문래동4가,37.515082,126.890475
20,문래동5가,37.515863,126.885676
20,문래동6가,37.519342,126.886528
20,신길동,37.507088,126.913103
20,신길제1동,37.52641,126.896252
20,신길제3동,37.52641,126.896252
20,신길제4동,37.52641,126.896252
20,신길제5동,37.52641,126.896252
20,신길제6동,37.52641,126.896252
20,신길제7동,37.52641,126.896252
20,양평동,37.522602,126.881344
20,양평동1가,37.523571,126.888814
20,양평동2가,37.52427,126.884578
20,양평동3가,37.528148,126.889731
20,양평동4가,37.537079,126.89626
20,양평동5가,37.538964,126.893422
20,양평동6가,37.542645,126.890065
20,양평제1동,37.52641,126.896252
20,양평제2동,37.52641,126.896252
20,양화동,37.545629,126.891554
20,여의도동,37.524371,126.925958
20,여의동,37.517598,126.934571
20,영등포동,37.513786,126.906901
20,영등포동,37.513448,126.907724
20,영등포동1가,37.51771,126.913057
20,영등포동2가,37.520839,126.910094
20,영등포동3가,37.518155,126.907998
20,영등포동4가,37.517981,126.903506
20,영등포동5가,37.521133,126.907084
20,영등포동6가,37.521556,126.90309
20,영등포동7가,37.524619,126.90667
20,영등포동8가,37.527015,126.905253
20,영등포본동,37.514692,126.909387
21,갈월동,37.546267,126.972941
21,남영동,37.542865,126.973353
21,남영동,37.542934,126.97341
21,도원동,37.539188,126.95794
21,동빙고동,37.523599,126.995949
21,동자동,37.551535,126.974137
21,문배동,37.536423,126.969346
21,보광동,37.526873,127.000917
21,보광동,37.528858,126.999766
21,산천동,37.535428,126.952396
21,서계동,37.552113,126.966089
21,서빙고동,37.518619,126.991299
21,서빙고동,37.521042,126.993023
21,신계동,37.534581,126.964922
21,신창동,37.53573,126.955199
21,용문동,37.537663,126.959677
21,용문동,37.537571,126.959936
21,용산2가동,37.542884,126.985008
21,용산동1가,37.534968,126.977282
21,용산동2가,37.544184,126.98511
21,용산동3가,37.533189,126.974319
21,용산동4가,37.534964,126.986876
21,용산동5가,37.527123,126.97083
21,용산동6가,37.51915,126.983164
21,원효로1가,37.539977,126.966998
21,원효로2가,37.536307,126.963165
21,원효로3가,37.53414,126.956862
21,원효로4가,37.533504,126.952763
21,원효로제1동,37.532612,126.990182
21,원효로제2동,37.532612,126.990182
21,이촌동,37.524133,126.961987
21,이촌제1동,37.532612,126.990182
21,이촌제2동,37.532612,126.990182
21,이태원동,37.5367,126.992151
21,이태원제1동,37.532612,126.990182
21,이태원제2동,37.532612,126.990182
21,주성동,37.522591,126.998382
21,청암동,37.53504,126.9465
21,청파동,37.545502,126.969899
21,청파동1가,37.54887,126.967046
21,청파동2가,37.546067,126.967745
21,청파동3가,37.543407,126.968276
21,한강로1가,37.534384,126.973765
21,한강로2가,37.531715,126.970242
21,한강로3가,37.524659,126.963299
21,한강로동,37.529054,126.969503
21,한남동,37.537541,127.005165
21,한남동,37.533889,127.003955
21,효창동,37.542828,126.960951
21,효창동,37.543291,126.961214
21,후암동,37.549901,126.980613
21,후암동,37.549171,126.978938
22,갈현동,37.621223,126.914993
22,갈현제1동,37.602766,126.928839
22,갈현제2동,37.602766,126.928839
22,구산동,37.611074,126.907302
22,구산동,37.61139,126.910297
22,녹번동,37.605314,126.934567
22,녹번동,37.605253,126.929107
22,대조동,37.612256,126.923141
22,대조동,37.612276,126.92285
22,불광동,37.620465,126.927435
22,불광제1동,37.602766,126.928839
22,불광제2동,37.602766,126.928839
22,수색동,37.585574,126.894529
22,수색동,37.585121,126.89426
22,신사동,37.595711,126.909195
22,신사제1동,37.602766,126.928839
22,신사제2동,37.602766,126.928839
22,역촌동,37.604582,126.914611
22,역촌동,37.60477,126.915663
22,응암동,37.592677,126.920257
22,응암제1동,37.602766,126.928839
22,응암제2동,37.602766,126.928839
22,응암제3동,37.602766,126.928839
22,증산동,37.584166,126.905952
22,증산동,37.584724,126.907223
22,진관동,37.639681,126.937804
22,진관동,37.644355,126.936524
23,가회동,37.582682,126.984831
23,가회동,37.582235,126.984666
23,견지동,37.573529,126.983065
23,경운동,37.574538,126.986664
23,계동,37.581321,126.987016
23,공평동,37.571692,126.982996
23,관수동,37.5692,126.990527
23,관철동,37.569182,126.986053
23,관훈동,37.574336,126.984857
23,교남동,37.568547,126.964454
23,교남동,37.567917,126.965108
23,교북동,37.572612,126.960436
23,구기동,37.609211,126.957246
23,궁정동,37.584381,126.971489
23,권농동,37.575619,126.991498
23,낙원동,37.572558,126.988732
23,내수동,37.573113,126.971819
23,내자동,37.575641,126.971177
23,누상동,37.580478,126.965838
23,누하동,37.579423,126.968521
23,당주동,37.571429,126.97457
23,도렴동,37.572445,126.975158
23,돈의동,37.572085,126.990736
23,동숭동,37.581654,127.005083
23,명륜1가,37.588347,126.997733
23,명륜2가,37.584521,126.998638
23,명륜3가,37.588359,126.994739
23,명륜4가,37.582225,127.000008
23,묘동,37.572598,126.991715
23,무악동,37.57711,126.958562
23,무악동,37.575906,126.959334
23,봉익동,37.572398,126.992873
23,부암동,37.594768,126.965574
23,부암동,37.594148,126.964248
23,사간동,37.577668,126.980593
23,사직동,37.575408,126.965944
23,사직동,37.573711,126.966295
23,삼청동,37.590758,126.980996
23,삼청동,37.585404,126.982123
23,서린동,37.569668,126.979809
23,세종로,37.572655,126.976742
23,소격동,37.580122,126.981424
23,송월동,37.569779,126.96576
23,송현동,37.577322,126.982187
23,수송동,37.573994,126.981139
23,숭인동,37.575979,127.018802
23,숭인제1동,37.573172,126.97922
23,숭인제2동,37.573172,126.97922
23,신교동,37.583911,126.968354
23,신문로1가,37.570366,126.973968
23,신문로2가,37.571299,126.968815
23,신영동,37.602696,126.961378
23,안국동,37.577515,126.983939
23,연건동,37.5775,127.000903
23,연지동,37.57359,126.999447
23,예지동,37.569643,126.997971
23,옥인동,37.582175,126.967275
23,와룡동,37.57695,126.991141
23,운니동,37.576159,126.989206
23,원남동,37.575326,126.997429
23,원서동,37.581687,126.988696
23,이화동,37.577245,127.005622
23,이화동,37.577066,127.006358
23,익선동,37.574082,126.989819
23,인사동,37.571837,126.986206
23,인의동,37.573102,126.997921
23,장사동,37.569411,126.99383
23,재동,37.578363,126.985575
23,적선동,37.576122,126.973453
23,종로1.2.3.4가동,37.570962,126.977881
23,종로1가,37.570479,126.980434
23,종로2가,37.570195,126.986454
23,종로3가,37.570337,126.992072
23,종로4가,37.570618,126.998135
23,종로5.6가동,37.573681,127.009292
23,종로5가,37.57054,127.003794
23,종로6가,37.572572,127.006996
23,중학동,37.575301,126.979265
23,창성동,37.580363,126.972065
23,창신동,37.574729,127.012062
23,창신제1동,37.573172,126.97922
23,창신제2동,37.573172,126.97922
23,창신제3동,37.573172,126.97922
23,청운동,37.587111,126.969069
23,청운효자동,37.584009,126.970626
23,청진동,37.571886,126.980676
23,체부동,37.577645,126.970877
23,충신동,37.575189,127.006471
23,통의동,37.578307,126.972872
23,통인동,37.580141,126.970127
23,팔판동,37.582882,126.980836
23,평동,37.567121,126.967018
23,평창동,37.613029,126.974485
23,평창동,37.61042,126.969837
23,필운동,37.577076,126.968848
23,행촌동,37.574294,126.962469
23,혜화동,37.587817,127.001745
23,혜화동,37.587955,127.001157
23,홍지동,37.60031,126.957773
23,홍파동,37.571862,126.965154
23,화동,37.580693,126.982268
23,효자동,37.582416,126.97167
23,효제동,37.572859,127.003417
23,훈정동,37.57098,126.995131
24,광희동,37.564445,127.005023
24,광희동1가,37.565194,127.005069
24,광희동2가,37.563799,127.008655
24,남대문로1가,37.567451,126.982976
24,남대문로2가,37.563785,126.981752
24,남대문로3가,37.561033,126.978259
24,남대문로4가,37.560635,126.976863
24,남대문로5가,37.557154,126.974366
24,남산동1가,37.55926,126.984605
24,남산동2가,37.558534,126.985813
24,남산동3가,37.560392,126.987105
24,남창동,37.55845,126.977464
24,남학동,37.56041,126.99086
24,다동,37.567577,126.981026
24,다산동,37.554398,127.008155
24,동화동,37.560042,127.019399
24,만리동1가,37.556408,126.967319
24,만리동2가,37.553986,126.96415
24,명동,37.560029,126.985806
24,명동1가,37.564135,126.984148
24,명동2가,37.56288,126.984505
24,무교동,37.567732,126.979171
24,무학동,37.564149,127.015091
24,묵정동,37.561401,127.000871
24,방산동,37.568469,127.001903
24,봉래동1가,37.558687,126.972589
24,봉래동2가,37.557841,126.97062
24,북창동,37.5625,126.978056
24,산림동,37.567564,126.996085
24,삼각동,37.567588,126.983748
24,서소문동,37.563075,126.974142
24,소공동,37.564079,126.980046
24,소공동,37.563731,126.980135
24,수표동,37.567358,126.989674
24,수하동,37.567242,126.984082
24,순화동,37.562471,126.970566
24,신당동,37.557913,127.013655
24,신당동,37.559441,127.013427
24,신당제5동,37.56376,126.997459
24,쌍림동,37.563176,127.004625
24,약수동,37.552459,127.008973
24,예관동,37.564357,126.99822
24,예장동,37.557397,126.990492
24,오장동,37.564685,127.0007
24,을지로1가,37.566295,126.980137
24,을지로2가,37.565757,126.985892
24,을지로3가,37.566292,126.992337
24,을지로4가,37.566587,126.998139
24,을지로5가,37.566455,127.001862
24,을지로6가,37.566868,127.00631
24,을지로7가,37.565117,127.009288
24,을지로동,37.56669,126.991319
24,의주로1가,37.564783,126.968176
24,의주로2가,37.559382,126.969985
24,인현동1가,37.564472,126.994232
24,인현동2가,37.56378,126.995779
24,입정동,37.567709,126.993042
24,장교동,37.567116,126.987193
24,장충동,37.561919,127.007818
24,장충동1가,37.561397,127.007583
24,장충동2가,37.55991,127.00256
24,저동1가,37.564362,126.987314
24,저동2가,37.564385,126.990257
24,정동,37.566905,126.972078
24,주교동,37.568136,126.999252
24,주자동,37.560755,126.98985
24,중림동,37.558842,126.96632
24,중림동,37.558715,126.96584
24,청구동,37.557074,127.014616
24,초동,37.564226,126.992375
24,충무로1가,37.561279,126.98343
24,충무로2가,37.561903,126.987942
24,충무로3가,37.562676,126.991874
24,충무로4가,37.562463,126.995255
24,충무로5가,37.562923,126.999921
24,충정로1가,37.567411,126.968642
24,태평로1가,37.568174,126.976805
24,태평로2가,37.563334,126.976861
24,필동,37.560148,126.995572
24,필동1가,37.560992,126.992264
24,필동2가,37.55896,126.995427
24,필동3가,37.559069,126.997152
24,황학동,37.568542,127.020827
24,황학동,37.56794,127.020367
24,회현동,37.557288,126.979369
24,회현동1가,37.557439,126.980748
24,회현동2가,37.558033,126.983443
24,회현동3가,37.56006,126.984082
24,흥인동,37.566792,127.016839
25,망우동,37.596678,127.100419
25,망우본동,37.601504,127.106215
25,망우제3동,37.606736,127.092924
25,면목동,37.58442,127.086487
25,면목본동,37.587331,127.087419
25,면목제2동,37.606736,127.092924
25,면목제3.8동,37.582921,127.088107
25,면목제4동,37.606736,127.092924
25,면목제5동,37.606736,127.092924
25,면목제7동,37.606736,127.092924
25,묵동,37.611266,127.077829
25,묵제1동,37.606736,127.092924
25,묵제2동,37.606736,127.092924
25,상봉동,37.596267,127.085704
25,상봉제1동,37.606736,127.092924
25,상봉제2동,37.606736,127.092924
25,신내1동,37.605867,127.099356
25,신내2동,37.606188,127.094222
25,신내동,37.607237,127.098924
25,중화동,37.59975,127.077718
25,중화제1동,37.606736,127.092924
25,중화제2동,37.606736,127.092924
